epoch,time,train/box_loss,train/cls_loss,train/dfl_loss,metrics/precision(B),metrics/recall(B),metrics/mAP50(B),metrics/mAP50-95(B),val/box_loss,val/cls_loss,val/dfl_loss,lr/pg0,lr/pg1,lr/pg2
1,18.2155,1.13495,3.16634,1.2863,0.00611,1,0.995,0.74111,0.88819,2.77634,0.84106,6.668e-05,6.668e-05,6.668e-05
2,28.0707,1.00806,2.28986,1.11675,0.00747,1,0.995,0.7779,0.71687,2.51712,0.79241,0.000148545,0.000148545,0.000148545
3,38.1977,0.80577,1.17535,0.99514,0.98187,1,0.995,0.60386,1.21691,1.99901,0.9434,0.000228759,0.000228759,0.000228759
4,47.9727,0.71949,0.86202,0.97258,0.96214,1,0.995,0.71103,0.78134,2.25499,0.85577,0.000307323,0.000307323,0.000307323
5,57.5723,0.8374,0.86152,1.0492,0.00706,1,0.995,0.72158,0.83979,2.58227,0.86955,0.000384237,0.000384237,0.000384237
6,67.3784,0.77675,0.85362,1.01906,0.00681,1,0.995,0.6945,0.83186,2.58756,0.90233,0.0004595,0.0004595,0.0004595
7,77.049,0.68351,0.80488,1.00793,0.94741,1,0.995,0.71222,0.89167,2.4196,0.98484,0.000533113,0.000533113,0.000533113
8,86.6471,0.80529,0.8036,1.01443,0.98687,1,0.995,0.72574,0.96612,2.15165,1.00433,0.000605076,0.000605076,0.000605076
9,96.4473,0.79615,0.74138,1.00667,0.00724,1,0.995,0.76754,0.83166,2.33641,0.97369,0.000675388,0.000675388,0.000675388
10,106.404,0.79563,0.72688,1.05271,0.00727,1,0.995,0.58173,0.87864,2.61963,0.91705,0.00074405,0.00074405,0.00074405
11,116.622,0.73436,0.74586,0.99095,0.83421,0.55934,0.918,0.55758,0.84095,2.46887,0.90137,0.000811062,0.000811062,0.000811062
12,126.339,0.66675,0.69784,0.98858,0.77211,1,0.84409,0.42446,1.14039,2.25505,1.04808,0.000876424,0.000876424,0.000876424
13,136.103,0.75431,0.76256,1.03341,0.89725,0.88889,0.88761,0.43593,1.428,2.40386,1.19186,0.000940135,0.000940135,0.000940135
14,146.424,0.69579,0.66978,0.97485,1,0.92135,0.995,0.79449,0.72461,1.99558,0.97709,0.0010022,0.0010022,0.0010022
15,156.105,0.77111,0.6978,0.98929,0.59,0.88889,0.922,0.75586,0.78277,1.85559,1.0853,0.00106261,0.00106261,0.00106261
16,165.524,0.78884,0.67003,1.05534,0.47214,0.94413,0.57384,0.42279,0.73992,1.92767,0.99323,0.00112137,0.00112137,0.00112137
17,184.627,0.74802,0.67755,1.04738,0.46701,0.97392,0.786,0.58613,0.92055,1.78001,1.16067,0.00117848,0.00117848,0.00117848
18,194.867,0.76472,0.71467,1.02468,0.79425,1,0.96026,0.71116,0.91087,1.89288,1.11208,0.00123394,0.00123394,0.00123394
19,204.161,0.76859,0.68254,1.03909,0.7237,1,0.835,0.64161,0.88036,2.02132,1.06574,0.00128774,0.00128774,0.00128774
20,213.712,0.82407,0.6719,1.07454,0.74039,1,0.77921,0.52348,0.96804,2.03485,1.29163,0.0013399,0.0013399,0.0013399
21,223.622,0.72871,0.62046,1.04096,0.68716,1,0.68885,0.50138,0.73892,1.84087,1.1328,0.00133693,0.00133693,0.00133693
22,241.841,0.71077,0.58023,0.98314,0.74624,1,0.775,0.5521,0.70481,1.4243,1.06482,0.00132043,0.00132043,0.00132043
23,261.652,0.77467,0.60462,1.01159,0.74701,0.98474,0.8244,0.6261,0.7809,1.48151,1.12147,0.00130393,0.00130393,0.00130393
24,281.056,0.69531,0.63277,1.01407,0.89981,0.99802,0.907,0.7388,0.67643,1.50097,1.00426,0.00128742,0.00128742,0.00128742
25,299.613,0.74334,0.6473,0.99347,0.98838,1,0.995,0.80508,0.70473,1.17305,1.00009,0.00127092,0.00127092,0.00127092
26,313.16,0.68234,0.59982,0.99188,0.99281,1,0.995,0.77941,0.81402,1.13788,1.11297,0.00125442,0.00125442,0.00125442
27,429.911,0.73848,0.60416,1.01766,1,0.94551,0.995,0.8062,0.701,1.114,1.01401,0.00123791,0.00123791,0.00123791
28,446.04,0.69365,0.56927,1.0044,0.99369,1,0.995,0.81431,0.68697,0.8127,1.02011,0.00122141,0.00122141,0.00122141
29,463.385,0.65992,0.54847,0.94427,1,0.93257,0.995,0.80922,0.7245,0.94167,1.0293,0.00120491,0.00120491,0.00120491
30,479.019,0.73196,0.57556,1.01077,0.99254,1,0.995,0.76127,0.68941,0.8431,0.99352,0.0011884,0.0011884,0.0011884
31,493.322,0.70326,0.55727,0.99294,0.9819,1,0.995,0.83361,0.62846,0.66405,0.96792,0.0011719,0.0011719,0.0011719
32,506.41,0.67837,0.57327,1.01184,1,0.96017,0.995,0.83763,0.67939,0.85976,1.00395,0.0011554,0.0011554,0.0011554
33,519.435,0.67966,0.60533,1.03374,0.99368,1,0.995,0.78697,0.71792,0.81998,1.04845,0.00113889,0.00113889,0.00113889
34,532.61,0.71548,0.564,1.00654,0.99395,1,0.995,0.79846,0.74257,0.79769,1.05421,0.00112239,0.00112239,0.00112239
35,545.129,0.66211,0.53975,0.95828,0.98577,1,0.995,0.78909,0.75895,0.77183,1.03557,0.00110589,0.00110589,0.00110589
36,558.243,0.69699,0.52025,1.0154,0.97856,1,0.995,0.84945,0.68112,0.64028,1.02306,0.00108938,0.00108938,0.00108938
37,570.689,0.70643,0.50411,1.02737,0.98859,1,0.995,0.81609,0.73357,0.57871,1.05974,0.00107288,0.00107288,0.00107288
38,583.661,0.66962,0.50563,0.98802,1,0.99363,0.995,0.78473,0.72567,0.56034,1.03831,0.00105638,0.00105638,0.00105638
39,596.421,0.62084,0.50106,0.95861,0.99294,1,0.995,0.81294,0.71865,0.59461,1.0204,0.00103987,0.00103987,0.00103987
40,609.101,0.64317,0.49218,0.98456,0.99649,1,0.995,0.81576,0.76735,0.55761,1.04645,0.00102337,0.00102337,0.00102337
41,619.136,0.66338,0.49285,0.93562,0.99638,1,0.995,0.81139,0.74927,0.52701,1.04436,0.00100687,0.00100687,0.00100687
42,631.568,0.6723,0.51942,0.95743,0.99615,1,0.995,0.7899,0.8009,0.51137,1.10342,0.000990365,0.000990365,0.000990365
43,644.015,0.67822,0.50333,0.96881,0.99587,1,0.995,0.77369,0.8522,0.57606,1.17641,0.000973861,0.000973861,0.000973861
44,656.416,0.67792,0.48602,0.99276,0.99655,1,0.995,0.80882,0.73013,0.55143,1.07709,0.000957358,0.000957358,0.000957358
45,668.932,0.68554,0.48749,0.98533,0.99342,1,0.995,0.81832,0.70856,0.58789,1.0474,0.000940855,0.000940855,0.000940855
46,681.61,0.63484,0.48417,0.9446,0.99679,1,0.995,0.80718,0.7099,0.58798,1.05948,0.000924352,0.000924352,0.000924352
47,694.505,0.65302,0.49782,0.9814,0.9965,1,0.995,0.80398,0.67142,0.58844,1.03123,0.000907848,0.000907848,0.000907848
48,708.266,0.69428,0.48454,0.96756,0.99675,1,0.995,0.82953,0.61968,0.5509,0.9575,0.000891345,0.000891345,0.000891345
49,720.72,0.73572,0.51464,1.01034,0.99675,1,0.995,0.82406,0.64263,0.52453,0.96175,0.000874842,0.000874842,0.000874842
50,733.537,0.70051,0.50369,0.94731,0.99682,1,0.995,0.80609,0.6668,0.4989,0.96881,0.000858338,0.000858338,0.000858338
51,748.879,0.64122,0.48452,0.95784,0.99683,1,0.995,0.78091,0.71265,0.49706,1.01326,0.000841835,0.000841835,0.000841835
52,762.745,0.6569,0.46614,0.95948,0.99506,1,0.995,0.8152,0.66602,0.46164,0.97487,0.000825332,0.000825332,0.000825332
53,774.404,0.66523,0.4528,0.98921,0.99513,1,0.995,0.78812,0.64993,0.48693,0.94265,0.000808828,0.000808828,0.000808828
54,785.782,0.65344,0.45881,1.02479,0.99407,1,0.995,0.80201,0.66854,0.51789,0.95188,0.000792325,0.000792325,0.000792325
55,797.055,0.76341,0.50198,1.03517,0.98919,1,0.995,0.79923,0.70843,0.55054,0.98748,0.000775822,0.000775822,0.000775822
56,808.76,0.64847,0.49595,1.00418,1,0.94065,0.995,0.81234,0.68339,0.52498,0.97691,0.000759318,0.000759318,0.000759318
57,820.405,0.66201,0.46778,1.00793,0.99225,1,0.995,0.81489,0.67131,0.5075,0.98394,0.000742815,0.000742815,0.000742815
58,832.337,0.70596,0.49524,0.97262,0.99342,1,0.995,0.81927,0.64268,0.45304,0.97467,0.000726312,0.000726312,0.000726312
59,843.889,0.63625,0.43294,0.95429,0.99611,1,0.995,0.83832,0.61915,0.42898,0.96586,0.000709809,0.000709809,0.000709809
60,855.575,0.64486,0.45571,0.97324,0.99621,1,0.995,0.84417,0.63789,0.41022,0.9787,0.000693305,0.000693305,0.000693305
61,867.224,0.62188,0.43746,0.95762,0.99618,1,0.995,0.84953,0.64003,0.4053,0.99072,0.000676802,0.000676802,0.000676802
62,879.072,0.68531,0.44631,0.99157,0.99689,1,0.995,0.83459,0.64007,0.43418,0.99219,0.000660299,0.000660299,0.000660299
63,890.866,0.68238,0.43817,0.99051,0.99685,1,0.995,0.84431,0.63857,0.43557,0.97065,0.000643795,0.000643795,0.000643795
64,902.474,0.65552,0.45968,0.99567,0.99634,1,0.995,0.83748,0.64638,0.43976,0.97228,0.000627292,0.000627292,0.000627292
65,914.153,0.59668,0.4288,0.9508,0.99623,1,0.995,0.85168,0.63186,0.42426,0.96465,0.000610789,0.000610789,0.000610789
66,925.577,0.66812,0.43026,0.98709,0.99634,1,0.995,0.84489,0.63213,0.40654,0.97594,0.000594286,0.000594286,0.000594286
67,937.011,0.60583,0.41714,0.94262,0.99647,1,0.995,0.85135,0.64597,0.3869,0.99113,0.000577782,0.000577782,0.000577782
68,948.611,0.66869,0.43306,0.95111,0.99605,1,0.995,0.8296,0.70333,0.38517,0.99461,0.000561279,0.000561279,0.000561279
69,960.378,0.6509,0.41944,0.94725,0.9964,1,0.995,0.83819,0.69886,0.38146,0.98139,0.000544776,0.000544776,0.000544776
70,972.757,0.62151,0.4348,0.98019,0.99655,1,0.995,0.85942,0.65222,0.37053,0.96096,0.000528272,0.000528272,0.000528272
71,984.856,0.66375,0.4161,0.9517,0.99646,1,0.995,0.86203,0.62621,0.3816,0.95476,0.000511769,0.000511769,0.000511769
72,996.313,0.60133,0.399,0.95399,0.99653,1,0.995,0.8679,0.60726,0.37304,0.96352,0.000495266,0.000495266,0.000495266
73,1008,0.62997,0.39471,0.96341,0.99672,1,0.995,0.87864,0.60496,0.36943,0.95953,0.000478762,0.000478762,0.000478762
74,1019.82,0.62288,0.41203,0.98442,0.99668,1,0.995,0.87251,0.5971,0.35391,0.94531,0.000462259,0.000462259,0.000462259
75,1031.61,0.59848,0.38083,0.96803,0.99661,1,0.995,0.85122,0.60283,0.3552,0.94877,0.000445756,0.000445756,0.000445756
76,1043.47,0.62748,0.41382,0.9627,0.99656,1,0.995,0.8428,0.67193,0.38598,0.98085,0.000429253,0.000429253,0.000429253
77,1055.08,0.62553,0.40389,0.96723,0.9965,1,0.995,0.82711,0.69802,0.39683,0.99188,0.000412749,0.000412749,0.000412749
78,1066.75,0.61168,0.39984,0.96707,0.9964,1,0.995,0.82954,0.67856,0.40057,0.97727,0.000396246,0.000396246,0.000396246
79,1078.18,0.61826,0.37962,0.94239,0.99643,1,0.995,0.8397,0.64928,0.38605,0.95745,0.000379743,0.000379743,0.000379743
80,1089.69,0.68514,0.43563,0.98529,0.99649,1,0.995,0.85455,0.60618,0.35623,0.9338,0.000363239,0.000363239,0.000363239
81,1101.33,0.61227,0.40014,0.96401,0.99652,1,0.995,0.85944,0.605,0.36605,0.94319,0.000346736,0.000346736,0.000346736
82,1113,0.62369,0.38816,0.97711,0.99655,1,0.995,0.84622,0.61679,0.36657,0.95934,0.000330233,0.000330233,0.000330233
83,1124.76,0.57292,0.37804,0.95945,0.99659,1,0.995,0.8506,0.61516,0.36034,0.95924,0.000313729,0.000313729,0.000313729
84,1136.72,0.56328,0.37557,0.95009,0.99645,1,0.995,0.85456,0.60803,0.34398,0.95095,0.000297226,0.000297226,0.000297226
85,1149.17,0.5774,0.37767,0.97389,0.99637,1,0.995,0.85168,0.60018,0.33957,0.9417,0.000280723,0.000280723,0.000280723
86,1161.12,0.68351,0.40106,0.98072,0.99623,1,0.995,0.85145,0.59172,0.34319,0.93824,0.00026422,0.00026422,0.00026422
87,1172.5,0.58231,0.37016,0.95201,0.99586,1,0.995,0.8538,0.58782,0.35057,0.9384,0.000247716,0.000247716,0.000247716
88,1184.03,0.54227,0.36664,0.9421,0.99489,1,0.995,0.86673,0.57979,0.3465,0.93889,0.000231213,0.000231213,0.000231213
89,1195.56,0.60403,0.36471,0.99008,0.99462,1,0.995,0.87848,0.58085,0.34434,0.94084,0.00021471,0.00021471,0.00021471
90,1207.1,0.56488,0.36298,0.91476,0.99416,1,0.995,0.87448,0.58677,0.35082,0.94477,0.000198206,0.000198206,0.000198206
91,1218.71,0.58967,0.48226,0.95424,0.99411,1,0.995,0.87448,0.59533,0.35822,0.94884,0.000181703,0.000181703,0.000181703
92,1229.83,0.5583,0.44954,0.9513,0.99596,1,0.995,0.85037,0.59884,0.37137,0.94382,0.0001652,0.0001652,0.0001652
93,1241.23,0.5648,0.4059,0.9373,0.99572,1,0.995,0.85608,0.59086,0.38521,0.93548,0.000148696,0.000148696,0.000148696
94,1252.48,0.52848,0.41181,0.89165,0.99555,1,0.995,0.85637,0.58889,0.40648,0.93007,0.000132193,0.000132193,0.000132193
95,1263.79,0.55247,0.41374,0.90462,0.99537,1,0.995,0.852,0.57979,0.42244,0.92421,0.00011569,0.00011569,0.00011569
96,1274.98,0.53665,0.41379,0.92222,0.99551,1,0.995,0.85103,0.58096,0.42968,0.92605,9.91865e-05,9.91865e-05,9.91865e-05
97,1286.46,0.57296,0.41021,0.92041,0.99568,1,0.995,0.85707,0.58188,0.42283,0.93017,8.26832e-05,8.26832e-05,8.26832e-05
98,1297.77,0.53519,0.39376,0.89938,0.9959,1,0.995,0.85678,0.58428,0.41461,0.93343,6.61799e-05,6.61799e-05,6.61799e-05
99,1310.59,0.55962,0.40247,0.98489,0.99602,1,0.995,0.86123,0.58744,0.41241,0.93743,4.96766e-05,4.96766e-05,4.96766e-05
100,1324.66,0.5371,0.37762,0.93596,0.99625,1,0.995,0.85791,0.58868,0.40195,0.93997,3.31733e-05,3.31733e-05,3.31733e-05
